{
  "project_info": {
    "project_number": "103641213882",
    "firebase_url": "https://testfirebase-abde2.firebaseio.com",
    "project_id": "testfirebase-abde2",
    "storage_bucket": "testfirebase-abde2.appspot.com"
  },
  "client": [
    {
      "client_info": {
        "mobilesdk_app_id": "1:103641213882:android:9e5454d58b97c784320b83",
        "android_client_info": {
          "package_name": "com.example.ch18_firebaselogin"
        }
      },
      "oauth_client": [
        {
          "client_id": "103641213882-o6iing41cd87vn7ev3mh2mba0ub8e01k.apps.googleusercontent.com",
          "client_type": 1,
          "android_info": {
            "package_name": "com.example.ch18_firebaselogin",
            "certificate_hash": "df1184ed70946cad3311e1a1a7503e323991eb33"
          }
        },
        {
          "client_id": "103641213882-b5o98nfqsdbcio4rnve16mo36vlud8fv.apps.googleusercontent.com",
          "client_type": 3
        }
      ],
      "api_key": [
        {
          "current_key": "AIzaSyC25wUsv59jAaG-Z4iGw5mFwcYJAUBYZho"
        }
      ],
      "services": {
        "appinvite_service": {
          "other_platform_oauth_client": [
            {
              "client_id": "103641213882-b5o98nfqsdbcio4rnve16mo36vlud8fv.apps.googleusercontent.com",
              "client_type": 3
            }
          ]
        }
      }
    }
  ],
  "configuration_version": "1"
}